bipposplace.com,bipposplace.televox.west.com
braceyourself.org,braceyourself.televox.west.com
desertbraces.com,desertbraces.televox.west.com
www.charchutortho.com,charchutortho.televox.west.com
jtortho.com,jtortho.televox.west.com
bracesinhouston.com,bracesinhouston.televox.west.com
www.dario.dentist,dario.televox.west.com
alignortho.com,alignortho.televox.west.com
orthoyours.com,orthoyours.televox.west.com
stratfordorthodontics.ca,stratfordorthodontics.televox.west.com
drdave.com,drdave.televox.west.com
mccabeorthodontics.com,mccabeorthodontics.televox.west.com
mergendental.com,mergendental.televox.west.com
evansortho.com,evansortho.televox.west.com
hessorthodontics.com,hessorthodontic.televox.west.com
smithsmile.com,smithsmile.televox.west.com
drrobertburks.com,drrobertburks.televox.west.com
bracesbydurham.com,bracesbydurham.televox.west.com
mainlinedentalhealth.com,mainlinedentalhealth.televox.west.com
lakedoraorthodontics.com,lakedoraorthodontics.televox.west.com
readysetsmile.net,readysetsmile.televox.west.com
thekidsdentalzone.televox.iapps.com/,thekidsdentalzone.televox.west.com
theperfectsmile.com,theperfectsmile.televox.west.com
drgbraces.com,drgbraces.televox.west.com
aplusaortho.com,aplusaortho.televox.west.com
avonortho.com,avonortho.televox.west.com
christopherjonesdds.com,christopherjonesdds.televox.west.com
drlennardortho.com,drlennardortho.televox.west.com
claytonvalleyortho.com,claytonvalleyortho.televox.west.com
righellisortho.com,righellisortho.televox.west.com
pritchardortho.com,pritchardortho.televox.west.com
younisortho.com,younisortho.televox.west.com
gibborthodontics.com,gibborthodontics.televox.west.com
orthomobile.com,orthomobile.televox.west.com
drfravel.com,drfravel.televox.west.com
weberortho.com,weberortho.televox.west.com
vyasortho.com,vyasortho.televox.west.com
drbakerchambliss.com,drbakerchambliss.televox.west.com
sheheeandcallahan.com,sheheeandcallahan.televox.west.com
bluebellortho.com,bluebellortho.televox.west.com
clinebellortho.com,clinebellortho.televox.west.com
chew-chewtrain.com,chew-chewtrain.televox.west.com
treasuredsmilesdentistry.com,treasuredsmilesdentistry.televox.west.com
adsfcity.com,adsfcity.televox.west.com
